VariableName(CSV&OSF),Website variable name,Sign Data and Filter Group,Filter menu outer description info,VariableDefinition,KnackVariableName
EntryID,Entry ID,English Translation,Sign identifying information,An English word that uniquely identifies each entry in the data set,EntryID
LemmaID,Lemma ID,English Translation,Sign identifying information,An English word that uniquely identifies each lemma collapsing across phonological and inflectional variants,LemmaID
Code,Code (survey),Code,Sign identifying information,A code that uniquely identifies each video in the database,Code
Batch,Code (survey),Code,Sign identifying information,A code that uniquely identifies each video in the database,Batch
List,Code (survey),Code,Sign identifying information,A code that uniquely identifies each video in the database,List
Item,Code (survey),Code,Sign identifying information,A code that uniquely identifies each video in the database,Item
EnglishWF(lg10),English Word Frequency,Frequency,The frequency of the sign and/or its English translation,English based word frequency retrieved from SubtlexUS (Log10 frequency per million),SubtLexUSLog10WF
SignFrequency(M),Frequency,Frequency,The frequency of the sign and/or its English translation,"Mean subjective frequency rating for all deaf ASL signers (1 = very infrequent, 7=very frequent)",SignFrequency(M)
SignFrequency(SD),Frequency SD,Frequency,The frequency of the sign and/or its English translation,Mean subjective frequency rating standard deviation (all deaf ASL signers),SignFrequency(SD)
SignFrequency(Z),Frequency Z,Frequency,The frequency of the sign and/or its English translation,Mean standardized subjective frequency rating (Z-score) (all deaf ASL signers),SignFrequency(Z)
SignFrequency(N),Frequency N,Frequency,The frequency of the sign and/or its English translation,Number of deaf ASL signers on which Sign Frequency M (all) is based,SignFrequency(N)
Unknown,Sign Unknown,Frequency,The frequency of the sign and/or its English translation,Proportion of deaf signing participants who did not know or recognize the sign (out of all deaf ASL participants),PercentUnknown
SignFrequency(M-Native),Frequency (Native),Frequency,The frequency of the sign and/or its English translation,"Mean subjective frequency rating for deaf native ASL signers (1 = very infrequent, 7=very frequent)",SignFrequency(M-Native)
SignFrequency(SD-Native),Frequency SD (Native) ,Frequency,The frequency of the sign and/or its English translation,Mean subjective frequency rating standard deviation (deaf native ASL signers),SignFrequency(SD-Native)
SignFreq(Z-native),Frequency Z (Native) ,Frequency,The frequency of the sign and/or its English translation,Mean standardized subjective frequency rating (Z-score) (deaf native ASL signers) ,SignFreq(Z-native)
SignFrequency(N-Native),Frequency N (Native) ,Frequency,The frequency of the sign and/or its English translation,Number of participants on which Sign Frequency M (native) is based,SignFrequency(N-Native)
Unknown(Native),Sign Unknown (Native) (proportion),Frequency,The frequency of the sign and/or its English translation,Percentage of participants who did not know the sign (deaf native ASL signers),PercentUnknown(Native)
SignFrequency(M-Nonnative),Frequency (Nonnative),Frequency,The frequency of the sign and/or its English translation,"Mean subjective frequency rating for deaf non-native ASL signers (1 = very infrequent, 7=very frequent)",SignFrequency(M-Nonnative)
SignFrequency(SD-Nonnative),Frequency SD (Nonnative),Frequency,The frequency of the sign and/or its English translation,Mean subjective frequency rating standard deviation (deaf non-native ASL signers),SignFrequency(SD-Nonnative)
SignFrequency(N-Nonnative),Frequency Z (Nonnative),Frequency,The frequency of the sign and/or its English translation,Mean standardized subjective frequency rating (Z-score) (deaf non-native ASL signers) ,SignFrequency(N-Nonnative)
SignFreq(Z-Nonnative),Frequency N (Nonnative),Frequency,The frequency of the sign and/or its English translation,Number of participants on which Sign Frequency M (non-native) is based,SignFreq(Z-Nonnative)
Unknown(Nonnative),Sign Unknown (Nonnative) (proportion),Frequency,The frequency of the sign and/or its English translation,Percentage of participants who did not know the sign (deaf non-native ASL signers),PercentUnknown(Nonnative)
DominantTranslation,Dominant Translation,Frequency,The frequency of the sign and/or its English translation,The most common dominant English translation provided by deaf ASL signers,DominantTranslation
DominantTranslationAgreement,Dominant Translation Agreement (proportion),Frequency,The frequency of the sign and/or its English translation,Proportion agreement with the dominant English gloss among all deaf ASL signers ,PercentGlossAgreement
DominantTranslationAgreement(Native),Dominant Translation Agreement (Native) (proportion),Frequency,The frequency of the sign and/or its English translation,Proportion agreement with the dominant English gloss among deaf native ASL signers ,PercentGlossAgreement(Native)
DominantTranslationAgreement(Nonnative),Dominant Translation Agreement (Nonnative) (proportion),Frequency,The frequency of the sign and/or its English translation,Proportion agreement with the dominant English gloss among deaf non-native ASL signers ,PercentGlossAgreement(Nonnative)
NondominantTranslations,Nondominant Translations,Frequency,The frequency of the sign and/or its English translation,"The other English words provided by the signers (as first choice) for a given item that were not the dominant, most frequent word.",NondominantTranslation
Iconicity(M),Non-Signer Iconicity,Iconicity,The relationship between the sign form and its meaning,Mean iconicity rating from hearing non-signers  (1=not iconic at all; 7=very iconic),Iconicity(M)
Iconicity(SD),Non-Signer Iconicity SD,Iconicity,The relationship between the sign form and its meaning,Mean iconicity rating standard deviation (hearing non-signers),Iconicity(SD)
Iconicity(Z),Non-Signer Iconicity Z,Iconicity,The relationship between the sign form and its meaning,Mean standardized iconicity rating (Z-score) (hearing non-signers),Iconicity(Z)
Iconicity(N),Non-Signer Iconicity N,Iconicity,The relationship between the sign form and its meaning,Number of hearing non-signers on which Iconicity M is based,Iconicity(N)
Iconicity_ID,Non-Signer Iconicity ID,Iconicity,The relationship between the sign form and its meaning,The English translation used to elicit iconicity ratings from non-signers. The value is blank if the EntryID was sufficient.,Iconicity_ID
D.Iconicity(M),Deaf Signer Iconicity,Iconicity,The relationship between the sign form and its meaning,Mean iconicity rating from all deaf ASL signers (1=not iconic at all; 7=very iconic),D.Iconicity(M) all
D.Iconicity(SD),Deaf Signer Iconicity SD,Iconicity,The relationship between the sign form and its meaning,Mean iconicity rating standard deviation (all deaf ASL signers),D.Iconicity(SD) all
D.Iconicity(N),Deaf Signer Iconicity Z,Iconicity,The relationship between the sign form and its meaning,Mean standardized iconicity rating (Z-score) (all deaf ASL signers),D.Iconicity(N) all
D.Iconicity(Z),Deaf Signer Iconicity N,Iconicity,The relationship between the sign form and its meaning,Number of deaf ASL signers  on which Iconicity M is based,D.Iconicity(Z) all
D.Iconicity(M-native),Deaf Signer Iconicity (Native),Iconicity,The relationship between the sign form and its meaning,Mean iconicity rating from only deaf ASL signers (1=not iconic at all; 7=very iconic),D.Iconicity(M) native
D.Iconicity(SD-native),Deaf Signer Iconicity SD (Native),Iconicity,The relationship between the sign form and its meaning,Mean iconicity rating standard deviation (deaf native ASL signers),D.Iconicity(SD) native
D.Iconicity(Z-native),Deaf Signer Iconicity Z (Native),Iconicity,The relationship between the sign form and its meaning,Mean standardized iconicity rating (Z-score) (deaf native ASL signers),D.Iconicity(Z) native
D.Iconicity(N-native),Deaf Signer Iconicity N (Native),Iconicity,The relationship between the sign form and its meaning,Number of deaf native ASL signers on which Iconicity (M) is based,D.Iconicity(N) native
GuessConsistency,Consistency of Guesses,Iconicity,The relationship between the sign form and its meaning,"A measure of consistency (diversity) of guesses by hearing non-signers for each sign, where value of zero indicates perfect agreement",H statistic
GuessAccuracy,Accuracy of Guesses (proportion),Iconicity,The relationship between the sign form and its meaning,Proportion of participants who guessed the correct meaning of the sign,GuessAccuracy
Transparency(M),Transparency,Iconicity,The relationship between the sign form and its meaning,Mean transparency rating from hearing non-signers; participants guessed the meaning of the sign and rated how obvious the meaning would be to others (1=not obvious at all; 7=very obvious),Transparency(M)
Transparency SD,Transparency SD,Iconicity,The relationship between the sign form and its meaning,Mean transparency rating standard deviation,Transparency SD
Transparency Z,Transparency Z,Iconicity,The relationship between the sign form and its meaning,Mean standardized transparency rating (Z-score) ,Transparency Z
LexicalClass,Lexical Class,Lexical Properties,Lexical characteristics,"The lexical class or a sign (Adjective, Adverb, Name, Noun, Number, Verb, and Minor: Preposition, Pronoun, Conjunction)",LexicalClass
Initialized.2.0,Initialized Sign,Lexical Properties,Lexical characteristics,Whether or not handshape of the sign is the first letter of the English translation,Initialized.2.0
FingerspelledLoanSign.2.0,Fingerspelled Loan Sign,Lexical Properties,Lexical characteristics,Whether or not sign includes more than one letter of the manual alphabet.,FingerspelledLoanSign.2.0
Compound.2.0,Compound,Lexical Properties,Lexical characteristics,"Whether or not the sign is a compound. Compounds are signs that include more than one free morpheme, and morpheme boundaries are often indicated by a change in selected fingers or major location. ",Compound.2.0
NumberOfMorphemes.2.0,Number Of Morphemes,Lexical Properties,Lexical characteristics,"The number of coded multiple sequential units in a given sign over which phonological constraints (e.g., the number of locations, the number of combinations of selected fingers) apply.  ",NumberOfMorphemes.2.0
SignOnset(ms),Sign Onset,Sign Duration,Length of the sign in milliseconds,The sign onset (milliseconds),SignOnset(ms)
SignOffset(ms),Sign Offset,Sign Duration,Length of the sign in milliseconds,The sign offset (milliseconds),SignOffset(ms)
SignDuration(ms),Sign Duration,Sign Duration,Length of the sign in milliseconds,Duration of sign (milliseconds),SignDuration(ms)
ClipDuration(ms),Video Duration,Sign Duration,Length of the sign in milliseconds,Duration of video clip (milliseconds),ClipDuration(ms)
Handshape.2.0,Handshape,Phonology,"The phonological composition of the initial ""morpheme""","The unique combination of selected fingers, flexion, spread, thumb position, and thumb contact",Handshape.2.0
SelectedFingers.2.0,Selected Fingers,Phonology,"The phonological composition of the initial ""morpheme""","Fingers that are 1) moving, otherwise 2) fingers that are not fully flexed or fully extended, otherwise 3) fingers that are fully extended. Thumb is ignored unless it is the only selected finger in the sign",SelectedFingers.2.0
Flexion.2.0,Flexion,Phonology,"The phonological composition of the initial ""morpheme""",Aperture of the selected fingers of the dominant hand at sign onset,Flexion.2.0
FlexionChange.2.0,Flexion Change,Phonology,"The phonological composition of the initial ""morpheme""",Whether or not the aperture changes ,FlexionChange.2.0
Spread.2.0,Spread,Phonology,"The phonological composition of the initial ""morpheme""",Spread of the selected fingers,Spread.2.0
SpreadChange.2.0,Spread Change,Phonology,"The phonological composition of the initial ""morpheme""",Whether or not the spread changes,SpreadChange.2.0
ThumbPosition.2.0,Thumb Position,Phonology,"The phonological composition of the initial ""morpheme""",Position of the thumb,ThumbPosition.2.0
ThumbContact.2.0,Thumb Contact,Phonology,"The phonological composition of the initial ""morpheme""",Whether or not the thumb contacts the selected fingers,ThumbContact.2.0
SignType.2.0,Sign Type,Phonology,"The phonological composition of the initial ""morpheme""",Symmetry of the hands according to Battison's sign types,SignType.2.0
Movement.2.0,Path Movement,Phonology,"The phonological composition of the initial ""morpheme""",Path movement of the first morpheme in the sign,Movement.2.0
RepeatedMovement.2.0,Repeated Movement,Phonology,"The phonological composition of the initial ""morpheme""","Whether or not the movement (path movement, wrist twist, handshape change) repeats",RepeatedMovement.2.0
MajorLocation.2.0,Major Location,Phonology,"The phonological composition of the initial ""morpheme""",General location of the dominant hand at sign onset,MajorLocation.2.0
MinorLocation.2.0,Minor Location,Phonology,"The phonological composition of the initial ""morpheme""",Specific location of the dominant hand at sign onset,MinorLocation.2.0
SecondMinorLocation.2.0,Second Minor Location,Phonology,"The phonological composition of the initial ""morpheme""",Second specific location of the dominant hand in signs with a setting change,SecondMinorLocation.2.0
Contact.2.0,Contact,Phonology,"The phonological composition of the initial ""morpheme""",Whether or not the dominant contacts the major location (or the other hand in symmetrical signs),Contact.2.0
NonDominantHandshape.2.0,Nondominant Handshape,Phonology,"The phonological composition of the initial ""morpheme""",The handshape of the nondominant hand,NonDominantHandshape.2.0
UlnarRotation.2.0,Wrist Twist,Phonology,"The phonological composition of the initial ""morpheme""",Whether or not the wrist twists,UlnarRotation.2.0
HandshapeM2.2.0,Handshape Morpheme 2,Phonology of Additional Morphemes,"The phonological composition of subsequent sequential ""morphemes"" in the sign","The unique combination of selected fingers, flexion, spread, thumb position, and thumb contact in the second morpheme",HandshapeM2.2.0
SelectedFingersM2.2.0,Selected Fingers Morpheme 2,Phonology of Additional Morphemes,"The phonological composition of subsequent sequential ""morphemes"" in the sign","Fingers that are 1) moving, otherwise 2) fingers that are not fully flexed or fully extended, otherwise 3) fingers that are fully extended. Thumb is ignored unless it is the only selected finger in the sign in the second morpheme",SelectedFingersM2.2.0
FlexionM2.2.0,Flexion Morpheme 2,Phonology of Additional Morphemes,"The phonological composition of subsequent sequential ""morphemes"" in the sign",Aperture of the selected fingers of the dominant hand at sign onset in the second morpheme,FlexionM2.2.0
FlexionChangeM2.2.0,Flexion Change Morpheme 2,Phonology of Additional Morphemes,"The phonological composition of subsequent sequential ""morphemes"" in the sign",Whether or not the aperture changes  in the second morpheme,FlexionChangeM2.2.0
SpreadM2.2.0,Spread Morpheme 2,Phonology of Additional Morphemes,"The phonological composition of subsequent sequential ""morphemes"" in the sign",Spread of the selected fingers in the second morpheme,SpreadM2.2.0
SpreadChangeM2.2.0,Spread Change Morpheme 2,Phonology of Additional Morphemes,"The phonological composition of subsequent sequential ""morphemes"" in the sign",Whether or not the spread changes in the second morpheme,SpreadChangeM2.2.0
ThumbPositionM2.2.0,Thumb Position Morpheme 2,Phonology of Additional Morphemes,"The phonological composition of subsequent sequential ""morphemes"" in the sign",Position of the thumb in the second morpheme,ThumbPositionM2.2.0
ThumbContactM2.2.0,Thumb Contact Morpheme 2,Phonology of Additional Morphemes,"The phonological composition of subsequent sequential ""morphemes"" in the sign",Whether or not the thumb contacts the selected fingers in the second morpheme,ThumbContactM2.2.0
SignTypeM2.2.0,Sign Type Morpheme 2,Phonology of Additional Morphemes,"The phonological composition of subsequent sequential ""morphemes"" in the sign",Symmetry of the hands according to Battison's sign types in the second morpheme,SignTypeM2.2.0
MovementM2.2.0,Movement Morpheme 2,Phonology of Additional Morphemes,"The phonological composition of subsequent sequential ""morphemes"" in the sign",Path movement of the first morpheme in the sign in the second morpheme,MovementM2.2.0
RepeatedMovementM2.2.0,Repeated Movement Morpheme 2,Phonology of Additional Morphemes,"The phonological composition of subsequent sequential ""morphemes"" in the sign","Whether or not the movement (path movement, wrist twist, handshape change) repeats in the second morpheme",RepeatedMovementM2.2.0
MajorLocationM2.2.0,Major Location Morpheme 2,Phonology of Additional Morphemes,"The phonological composition of subsequent sequential ""morphemes"" in the sign",General location of the dominant hand at sign onset in the second morpheme,MajorLocationM2.2.0
MinorLocationM2.2.0,Minor Location Morpheme 2,Phonology of Additional Morphemes,"The phonological composition of subsequent sequential ""morphemes"" in the sign",Specific location of the dominant hand at sign onset in the second morpheme,MinorLocationM2.2.0
SecondMinorLocationM2.2.0,Second Minor Location Morpheme 2,Phonology of Additional Morphemes,"The phonological composition of subsequent sequential ""morphemes"" in the sign",Second specific location of the dominant hand in signs with a setting change in the second morpheme,SecondMinorLocationM2.2.0
ContactM2.2.0,Contact Morpheme 2,Phonology of Additional Morphemes,"The phonological composition of subsequent sequential ""morphemes"" in the sign",Whether or not the dominant contacts the major location (or the other hand in symmetrical signs) in the second morpheme,ContactM2.2.0
NonDominantHandshapeM2.2.0,Nondominant Handshape Morpheme 2,Phonology of Additional Morphemes,"The phonological composition of subsequent sequential ""morphemes"" in the sign",The handshape of the nondominant hand in the second morpheme,NonDominantHandshapeM2.2.0
UlnarRotationM2.2.0,Wrist Twist Morpheme 2,Phonology of Additional Morphemes,"The phonological composition of subsequent sequential ""morphemes"" in the sign",Whether or not the wrist twists in the second morpheme,UlnarRotationM2.2.0
HandshapeM3.2.0,Handshape Morpheme 3,Phonology of Additional Morphemes,"The phonological composition of subsequent sequential ""morphemes"" in the sign","The unique combination of selected fingers, flexion, spread, thumb position, and thumb contact in the third morpheme",HandshapeM3.2.0
SelectedFingersM3.2.0,Selected Fingers Morpheme 3,Phonology of Additional Morphemes,"The phonological composition of subsequent sequential ""morphemes"" in the sign","Fingers that are 1) moving, otherwise 2) fingers that are not fully flexed or fully extended, otherwise 3) fingers that are fully extended. Thumb is ignored unless it is the only selected finger in the sign in the third morpheme",SelectedFingersM3.2.0
FlexionM3.2.0,Flexion Morpheme 3,Phonology of Additional Morphemes,"The phonological composition of subsequent sequential ""morphemes"" in the sign",Aperture of the selected fingers of the dominant hand at sign onset in the third morpheme,FlexionM3.2.0
FlexionChangeM3.2.0,Flexion Change Morpheme 3,Phonology of Additional Morphemes,"The phonological composition of subsequent sequential ""morphemes"" in the sign",Whether or not the aperture changes  in the third morpheme,FlexionChangeM3.2.0
SpreadM3.2.0,Spread Morpheme 3,Phonology of Additional Morphemes,"The phonological composition of subsequent sequential ""morphemes"" in the sign",Spread of the selected fingers in the third morpheme,SpreadM3.2.0
SpreadChangeM3.2.0,Spread Change Morpheme 3,Phonology of Additional Morphemes,"The phonological composition of subsequent sequential ""morphemes"" in the sign",Whether or not the spread changes in the third morpheme,SpreadChangeM3.2.0
ThumbPositionM3.2.0,Thumb Position Morpheme 3,Phonology of Additional Morphemes,"The phonological composition of subsequent sequential ""morphemes"" in the sign",Position of the thumb in the third morpheme,ThumbPositionM3.2.0
ThumbContactM3.2.0,Thumb Contact Morpheme 3,Phonology of Additional Morphemes,"The phonological composition of subsequent sequential ""morphemes"" in the sign",Whether or not the thumb contacts the selected fingers in the third morpheme,ThumbContactM3.2.0
SignTypeM3.2.0,Signtype Morpheme 3,Phonology of Additional Morphemes,"The phonological composition of subsequent sequential ""morphemes"" in the sign",Symmetry of the hands according to Battison's sign types in the third morpheme,SignTypeM3.2.0
MovementM3.2.0,Movement Morpheme 3,Phonology of Additional Morphemes,"The phonological composition of subsequent sequential ""morphemes"" in the sign",Path movement of the first morpheme in the sign in the third morpheme,MovementM3.2.0
RepeatedMovementM3.2.0,Repeated Movement Morpheme 3,Phonology of Additional Morphemes,"The phonological composition of subsequent sequential ""morphemes"" in the sign","Whether or not the movement (path movement, wrist twist, handshape change) repeats in the third morpheme",RepeatedMovementM3.2.0
MajorLocationM3.2.0,Major Location Morpheme 3,Phonology of Additional Morphemes,"The phonological composition of subsequent sequential ""morphemes"" in the sign",General location of the dominant hand at sign onset in the third morpheme,MajorLocationM3.2.0
MinorLocationM3.2.0,Minor Location Morpheme 3,Phonology of Additional Morphemes,"The phonological composition of subsequent sequential ""morphemes"" in the sign",Specific location of the dominant hand at sign onset in the third morpheme,MinorLocationM3.2.0
SecondMinorLocationM3.2.0,Second Minor Location Morpheme 3,Phonology of Additional Morphemes,"The phonological composition of subsequent sequential ""morphemes"" in the sign",Second specific location of the dominant hand in signs with a setting change in the third morpheme,SecondMinorLocationM3.2.0
ContactM3.2.0,Contact Morpheme 3,Phonology of Additional Morphemes,"The phonological composition of subsequent sequential ""morphemes"" in the sign",Whether or not the dominant contacts the major location (or the other hand in symmetrical signs) in the third morpheme,ContactM3.2.0
NonDominantHandshapeM3.2.0,Nondominant Handshape Morpheme 3,Phonology of Additional Morphemes,"The phonological composition of subsequent sequential ""morphemes"" in the sign",The handshape of the nondominant hand in the third morpheme,NonDominantHandshapeM3.2.0
UlnarRotationM3.2.0,Wrist Twist Morpheme 3,Phonology of Additional Morphemes,"The phonological composition of subsequent sequential ""morphemes"" in the sign",Whether or not the wrist twists in the third morpheme,UlnarRotationM3.2.0
HandshapeM4.2.0,Handshape Morpheme 4,Phonology of Additional Morphemes,"The phonological composition of subsequent sequential ""morphemes"" in the sign","The unique combination of selected fingers, flexion, spread, thumb position, and thumb contact in the fourth morpheme",HandshapeM4.2.0
SelectedFingersM4.2.0,Selected Fingers Morpheme 4,Phonology of Additional Morphemes,"The phonological composition of subsequent sequential ""morphemes"" in the sign","Fingers that are 1) moving, otherwise 2) fingers that are not fully flexed or fully extended, otherwise 3) fingers that are fully extended. Thumb is ignored unless it is the only selected finger in the sign in the fourth morpheme",SelectedFingersM4.2.0
FlexionM4.2.0,Flexion Morpheme 4,Phonology of Additional Morphemes,"The phonological composition of subsequent sequential ""morphemes"" in the sign",Aperture of the selected fingers of the dominant hand at sign onset in the fourth morpheme,FlexionM4.2.0
FlexionChangeM4.2.0,Flexion Change Morpheme 4,Phonology of Additional Morphemes,"The phonological composition of subsequent sequential ""morphemes"" in the sign",Whether or not the aperture changes  in the fourth morpheme,FlexionChangeM4.2.0
SpreadM4.2.0,Spread Morpheme 4,Phonology of Additional Morphemes,"The phonological composition of subsequent sequential ""morphemes"" in the sign",Spread of the selected fingers in the fourth morpheme,SpreadM4.2.0
SpreadChangeM4.2.0,Spread Change Morpheme 4,Phonology of Additional Morphemes,"The phonological composition of subsequent sequential ""morphemes"" in the sign",Whether or not the spread changes in the fourth morpheme,SpreadChangeM4.2.0
ThumbPositionM4.2.0,Thumb Position Morpheme 4,Phonology of Additional Morphemes,"The phonological composition of subsequent sequential ""morphemes"" in the sign",Position of the thumb in the fourth morpheme,ThumbPositionM4.2.0
ThumbContactM4.2.0,Thumb Contact Morpheme 4,Phonology of Additional Morphemes,"The phonological composition of subsequent sequential ""morphemes"" in the sign",Whether or not the thumb contacts the selected fingers in the fourth morpheme,ThumbContactM4.2.0
SignTypeM4.2.0,Sign Type Morpheme 4,Phonology of Additional Morphemes,"The phonological composition of subsequent sequential ""morphemes"" in the sign",Symmetry of the hands according to Battison's sign types in the fourth morpheme,SignTypeM4.2.0
MovementM4.2.0,Movement Morpheme 4,Phonology of Additional Morphemes,"The phonological composition of subsequent sequential ""morphemes"" in the sign",Path movement of the first morpheme in the sign in the fourth morpheme,MovementM4.2.0
RepeatedMovementM4.2.0,Repeated Movement Morpheme 4,Phonology of Additional Morphemes,"The phonological composition of subsequent sequential ""morphemes"" in the sign","Whether or not the movement (path movement, wrist twist, handshape change) repeats in the fourth morpheme",RepeatedMovementM4.2.0
MajorLocationM4.2.0,Major Location Morpheme 4,Phonology of Additional Morphemes,"The phonological composition of subsequent sequential ""morphemes"" in the sign",General location of the dominant hand at sign onset in the fourth morpheme,MajorLocationM4.2.0
MinorLocationM4.2.0,Minor Location Morpheme 4,Phonology of Additional Morphemes,"The phonological composition of subsequent sequential ""morphemes"" in the sign",Specific location of the dominant hand at sign onset in the fourth morpheme,MinorLocationM4.2.0
SecondMinorLocationM4.2.0,Second Minor Location Morpheme 4,Phonology of Additional Morphemes,"The phonological composition of subsequent sequential ""morphemes"" in the sign",Second specific location of the dominant hand in signs with a setting change in the fourth morpheme,SecondMinorLocationM4.2.0
ContactM4.2.0,Contact Morpheme 4,Phonology of Additional Morphemes,"The phonological composition of subsequent sequential ""morphemes"" in the sign",Whether or not the dominant contacts the major location (or the other hand in symmetrical signs) in the fourth morpheme,ContactM4.2.0
NonDominantHandshapeM4.2.0,Nondominant Handshape Morpheme 4,Phonology of Additional Morphemes,"The phonological composition of subsequent sequential ""morphemes"" in the sign",The handshape of the nondominant hand in the fourth morpheme,NonDominantHandshapeM4.2.0
UlnarRotationM4.2.0,Wrist Twist Morpheme 4,Phonology of Additional Morphemes,"The phonological composition of subsequent sequential ""morphemes"" in the sign",Whether or not the wrist twists in the fourth morpheme,UlnarRotationM4.2.0
HandshapeM5.2.0,Handshape Morpheme 5,Phonology of Additional Morphemes,"The phonological composition of subsequent sequential ""morphemes"" in the sign","The unique combination of selected fingers, flexion, spread, thumb position, and thumb contact in the fifth morpheme",HandshapeM5.2.0
SelectedFingersM5.2.0,Selected Fingers Morpheme 5,Phonology of Additional Morphemes,"The phonological composition of subsequent sequential ""morphemes"" in the sign","Fingers that are 1) moving, otherwise 2) fingers that are not fully flexed or fully extended, otherwise 3) fingers that are fully extended. Thumb is ignored unless it is the only selected finger in the sign in the fifth morpheme",SelectedFingersM5.2.0
FlexionM5.2.0,Flexion Morpheme 5,Phonology of Additional Morphemes,"The phonological composition of subsequent sequential ""morphemes"" in the sign",Aperture of the selected fingers of the dominant hand at sign onset in the fifth morpheme,FlexionM5.2.0
FlexionChangeM5.2.0,Flexion Change Morpheme 5,Phonology of Additional Morphemes,"The phonological composition of subsequent sequential ""morphemes"" in the sign",Whether or not the aperture changes  in the fifth morpheme,FlexionChangeM5.2.0
SpreadM5.2.0,Spread Morpheme 5,Phonology of Additional Morphemes,"The phonological composition of subsequent sequential ""morphemes"" in the sign",Spread of the selected fingers in the fifth morpheme,SpreadM5.2.0
SpreadChangeM5.2.0,Spread Change Morpheme 5,Phonology of Additional Morphemes,"The phonological composition of subsequent sequential ""morphemes"" in the sign",Whether or not the spread changes in the fifth morpheme,SpreadChangeM5.2.0
ThumbPositionM5.2.0,Thumb Position Morpheme 5,Phonology of Additional Morphemes,"The phonological composition of subsequent sequential ""morphemes"" in the sign",Position of the thumb in the fifth morpheme,ThumbPositionM5.2.0
ThumbContactM5.2.0,Thumb Contact Morpheme 5,Phonology of Additional Morphemes,"The phonological composition of subsequent sequential ""morphemes"" in the sign",Whether or not the thumb contacts the selected fingers in the fifth morpheme,ThumbContactM5.2.0
SignTypeM5.2.0,Sign Type Morpheme 5,Phonology of Additional Morphemes,"The phonological composition of subsequent sequential ""morphemes"" in the sign",Symmetry of the hands according to Battison's sign types in the fifth morpheme,SignTypeM5.2.0
MovementM5.2.0,Movement Morpheme 5,Phonology of Additional Morphemes,"The phonological composition of subsequent sequential ""morphemes"" in the sign",Path movement of the first morpheme in the sign in the fifth morpheme,MovementM5.2.0
RepeatedMovementM5.2.0,Repeated Movement Morpheme 5,Phonology of Additional Morphemes,"The phonological composition of subsequent sequential ""morphemes"" in the sign","Whether or not the movement (path movement, wrist twist, handshape change) repeats in the fifth morpheme",RepeatedMovementM5.2.0
MajorLocationM5.2.0,Major Location Morpheme 5,Phonology of Additional Morphemes,"The phonological composition of subsequent sequential ""morphemes"" in the sign",General location of the dominant hand at sign onset in the fifth morpheme,MajorLocationM5.2.0
MinorLocationM5.2.0,Minor Location Morpheme 5,Phonology of Additional Morphemes,"The phonological composition of subsequent sequential ""morphemes"" in the sign",Specific location of the dominant hand at sign onset in the fifth morpheme,MinorLocationM5.2.0
SecondMinorLocationM5.2.0,Second Minor Location Morpheme 5,Phonology of Additional Morphemes,"The phonological composition of subsequent sequential ""morphemes"" in the sign",Second specific location of the dominant hand in signs with a setting change in the fifth morpheme,SecondMinorLocationM5.2.0
ContactM5.2.0,Contact Morpheme 5,Phonology of Additional Morphemes,"The phonological composition of subsequent sequential ""morphemes"" in the sign",Whether or not the dominant contacts the major location (or the other hand in symmetrical signs) in the fifth morpheme,ContactM5.2.0
NonDominantHandshapeM5.2.0,Nondominant Handshape Morpheme 5,Phonology of Additional Morphemes,"The phonological composition of subsequent sequential ""morphemes"" in the sign",The handshape of the nondominant hand in the fifth morpheme,NonDominantHandshapeM5.2.0
UlnarRotationM5.2.0,Wrist Twist Morpheme 5,Phonology of Additional Morphemes,"The phonological composition of subsequent sequential ""morphemes"" in the sign",Whether or not the wrist twists in the fifth morpheme,UlnarRotationM5.2.0
HandshapeM6.2.0,Handshape Morpheme 6,Phonology of Additional Morphemes,"The phonological composition of subsequent sequential ""morphemes"" in the sign","The unique combination of selected fingers, flexion, spread, thumb position, and thumb contact in the sixth morpheme",HandshapeM6.2.0
SelectedFingersM6.2.0,Selected Fingers Morpheme 6,Phonology of Additional Morphemes,"The phonological composition of subsequent sequential ""morphemes"" in the sign","Fingers that are 1) moving, otherwise 2) fingers that are not fully flexed or fully extended, otherwise 3) fingers that are fully extended. Thumb is ignored unless it is the only selected finger in the sign in the sixth morpheme",SelectedFingersM6.2.0
FlexionM6.2.0,Flexion Morpheme 6,Phonology of Additional Morphemes,"The phonological composition of subsequent sequential ""morphemes"" in the sign",Aperture of the selected fingers of the dominant hand at sign onset in the sixth morpheme,FlexionM6.2.0
FlexionChangeM6.2.0,Flexion Change Morpheme 6,Phonology of Additional Morphemes,"The phonological composition of subsequent sequential ""morphemes"" in the sign",Whether or not the aperture changes  in the sixth morpheme,FlexionChangeM6.2.0
SpreadM6.2.0,Spread Morpheme 6,Phonology of Additional Morphemes,"The phonological composition of subsequent sequential ""morphemes"" in the sign",Spread of the selected fingers in the sixth morpheme,SpreadM6.2.0
SpreadChangeM6.2.0,Spread Change Morpheme 6,Phonology of Additional Morphemes,"The phonological composition of subsequent sequential ""morphemes"" in the sign",Whether or not the spread changes in the sixth morpheme,SpreadChangeM6.2.0
ThumbPositionM6.2.0,Thumb Position Morpheme 6,Phonology of Additional Morphemes,"The phonological composition of subsequent sequential ""morphemes"" in the sign",Position of the thumb in the sixth morpheme,ThumbPositionM6.2.0
ThumbContactM6.2.0,Thumb Contact Morpheme 6,Phonology of Additional Morphemes,"The phonological composition of subsequent sequential ""morphemes"" in the sign",Whether or not the thumb contacts the selected fingers in the sixth morpheme,ThumbContactM6.2.0
SignTypeM6.2.0,Sign Type Morpheme 6,Phonology of Additional Morphemes,"The phonological composition of subsequent sequential ""morphemes"" in the sign",Symmetry of the hands according to Battison's sign types in the sixth morpheme,SignTypeM6.2.0
MovementM6.2.0,Movement Morpheme 6,Phonology of Additional Morphemes,"The phonological composition of subsequent sequential ""morphemes"" in the sign",Path movement of the first morpheme in the sign in the sixth morpheme,MovementM6.2.0
RepeatedMovementM6.2.0,Repeated Movement Morpheme 6,Phonology of Additional Morphemes,"The phonological composition of subsequent sequential ""morphemes"" in the sign","Whether or not the movement (path movement, wrist twist, handshape change) repeats in the sixth morpheme",RepeatedMovementM6.2.0
MajorLocationM6.2.0,Major Location Morpheme 6,Phonology of Additional Morphemes,"The phonological composition of subsequent sequential ""morphemes"" in the sign",General location of the dominant hand at sign onset in the sixth morpheme,MajorLocationM6.2.0
MinorLocationM6.2.0,Minor Location Morpheme 6,Phonology of Additional Morphemes,"The phonological composition of subsequent sequential ""morphemes"" in the sign",Specific location of the dominant hand at sign onset in the sixth morpheme,MinorLocationM6.2.0
SecondMinorLocationM6.2.0,Second Minor Location Morpheme 6,Phonology of Additional Morphemes,"The phonological composition of subsequent sequential ""morphemes"" in the sign",Second specific location of the dominant hand in signs with a setting change in the sixth morpheme,SecondMinorLocationM6.2.0
ContactM6.2.0,Contact Morpheme 6,Phonology of Additional Morphemes,"The phonological composition of subsequent sequential ""morphemes"" in the sign",Whether or not the dominant contacts the major location (or the other hand in symmetrical signs) in the sixth morpheme,ContactM6.2.0
NonDominantHandshapeM6.2.0,Nondominant Handshape Morpheme 6,Phonology of Additional Morphemes,"The phonological composition of subsequent sequential ""morphemes"" in the sign",The handshape of the nondominant hand in the sixth morpheme,NonDominantHandshapeM6.2.0
UlnarRotationM6.2.0,Wrist Twist Morpheme 6,Phonology of Additional Morphemes,"The phonological composition of subsequent sequential ""morphemes"" in the sign",Whether or not the wrist twists in the sixth morpheme,UlnarRotationM6.2.0
SignType.2.0Frequency,Sign Type Frequency,Sublexical Frequency,The frequency of the value of a phonological feature in the lexicon,Counts the frequency with which the Sign Type value occurs in the lexicon,SignType.2.0Frequency
MajorLocation.2.0Frequency,Major Location Frequency,Sublexical Frequency,The frequency of the value of a phonological feature in the lexicon,Counts the frequency with which the Major Location value occurs in the lexicon,MajorLocation.2.0Frequency
MinorLocation.2.0Frequency,Minor Location Frequency,Sublexical Frequency,The frequency of the value of a phonological feature in the lexicon,Counts the frequency with which the Minor Location value  occurs in the lexicon,MinorLocation.2.0Frequency
SecondMinorLocation.2.0Frequency,Second Minor Location Frequency,Sublexical Frequency,The frequency of the value of a phonological feature in the lexicon,Counts the frequency with which the Second Minor Location value occurs in the lexicon,SecondMinorLocation.2.0Frequency
Movement.2.0Frequency,Movement Frequency,Sublexical Frequency,The frequency of the value of a phonological feature in the lexicon,Counts the frequency with which the Movement value occurs in the lexicon,Movement.2.0Frequency
SelectedFingers.2.0Frequency,Selected Fingers Frequency,Sublexical Frequency,The frequency of the value of a phonological feature in the lexicon,Counts the frequency with which the Selected Fingers value occurs in the lexicon,SelectedFingers.2.0Frequency
Flexion.2.0Frequency,Flexion Frequency,Sublexical Frequency,The frequency of the value of a phonological feature in the lexicon,Counts the frequency with which the Flexion value occurs in the lexicon,Flexion.2.0Frequency
FlexionChange.2.0Frequency,Flexion Change Frequency,Sublexical Frequency,The frequency of the value of a phonological feature in the lexicon,Counts the frequency with which the Flexion Change value occurs in the lexicon,FlexionChange.2.0Frequency
RepeatedMovement.2.0Frequency,Repeated Movement Frequency,Sublexical Frequency,The frequency of the value of a phonological feature in the lexicon,Counts the frequency with which the Repeated Movement value occurs in the lexicon,RepeatedMovement.2.0Frequency
Contact.2.0Frequency,Contact Frequency,Sublexical Frequency,The frequency of the value of a phonological feature in the lexicon,Counts the frequency with which the Contact value occurs in the lexicon,Contact.2.0Frequency
Spread.2.0Frequency,Spread Frequency,Sublexical Frequency,The frequency of the value of a phonological feature in the lexicon,Counts the frequency with which the Spread value occurs in the lexicon,Spread.2.0Frequency
SpreadChange.2.0Frequency,Spread Change Frequency,Sublexical Frequency,The frequency of the value of a phonological feature in the lexicon,Counts the frequency with which the Spread Change value occurs in the lexicon,SpreadChange.2.0Frequency
ThumbContact.2.0Frequency,Thumb Contact Frequency,Sublexical Frequency,The frequency of the value of a phonological feature in the lexicon,Counts the frequency with which the Thumb Contact value occurs in the lexicon,ThumbContact.2.0Frequency
ThumbPosition.2.0Frequency,Thumb Position Frequency,Sublexical Frequency,The frequency of the value of a phonological feature in the lexicon,Counts the frequency with which the Thumb Position value occurs in the lexicon,ThumbPosition.2.0Frequency
UlnarRotation.2.0Frequency,Ulnar Rotation Frequency,Sublexical Frequency,The frequency of the value of a phonological feature in the lexicon,Counts the frequency with which the Wrist Twist value occurs in the lexicon,UlnarRotation.2.0Frequency
Neighborhood Density 2.0,Neighborhood Density,Phonological Calculations,A set of phonological calculations based on the phonological properties of signs in the lexicon,"The number of neighbors that share either all or all but one of these phonological features: Sign Type, Minor Location, Movement, Contact with the Major Location, Selected Fingers, Thumb Position, Thumb Contact, Flexion, Flexion Change, Spread, Spread Change, Wrist Twist, Repeated Movement and Non-Dominant Handshape. ",Neighborhood Density 2.0
Parameter.Neighborhood.Density.2.0,Parameter Neighborhood Density,Phonological Calculations,A set of phonological calculations based on the phonological properties of signs in the lexicon,"The number of neighbors that share either all or all but one of these phonological features: Handshape, Major Location, and Path Movement",Parameter.Neighborhood.Density.2.0
PhonotacticProbability,Phonotactic Probability,Phonological Calculations,A set of phonological calculations based on the phonological properties of signs in the lexicon,Mean of the sign√ïs scaled sub-lexical properties,PhonotacticProbability
Phonological Complexity,Phonological Complexity,Phonological Calculations,A set of phonological calculations based on the phonological properties of signs in the lexicon,"Complexity is calculated as described in Morgan, Novogrodsky, and Sandler (2019) which incremented complexity by 1 if the sign is asymmetrical with a different handshape, violates the symmetry or dominance conditions, uses selected fingers other than index or index middle ring and pinky, uses stacked or crossed flexion, has two types of movement, has three types of movement",Phonological Complexity
SignBankAnnotationID,SignBank Annotation ID,SignBank,"Information from the ASL SignBank. Julie A. Hochgesang, Onno Crasborn, and Diane Lillo-Martin. (2017-2019) ASL Signbank. New Haven, CT: Haskins Lab, Yale University. https://aslsignbank.haskins.yale.edu/","Information from the ASL SignBank. Julie A. Hochgesang, Onno Crasborn, and Diane Lillo-Martin. (2017-2019) ASL Signbank. New Haven, CT: Haskins Lab, Yale University. https://aslsignbank.haskins.yale.edu/",SignBankAnnotationID
SignBankEnglishTranslations,SignBank English Translations,SignBank,"Information from the ASL SignBank. Julie A. Hochgesang, Onno Crasborn, and Diane Lillo-Martin. (2017-2019) ASL Signbank. New Haven, CT: Haskins Lab, Yale University. https://aslsignbank.haskins.yale.edu/","Information from the ASL SignBank. Julie A. Hochgesang, Onno Crasborn, and Diane Lillo-Martin. (2017-2019) ASL Signbank. New Haven, CT: Haskins Lab, Yale University. https://aslsignbank.haskins.yale.edu/",SignBankEnglishTranslations
SignBankLemmaID,SignBank Lemma ID,SignBank,"Information from the ASL SignBank. Julie A. Hochgesang, Onno Crasborn, and Diane Lillo-Martin. (2017-2019) ASL Signbank. New Haven, CT: Haskins Lab, Yale University. https://aslsignbank.haskins.yale.edu/","Information from the ASL SignBank. Julie A. Hochgesang, Onno Crasborn, and Diane Lillo-Martin. (2017-2019) ASL Signbank. New Haven, CT: Haskins Lab, Yale University. https://aslsignbank.haskins.yale.edu/",SignBankLemmaID
SignBankSemanticField,SignBank Semantic Field,SignBank,"Information from the ASL SignBank. Julie A. Hochgesang, Onno Crasborn, and Diane Lillo-Martin. (2017-2019) ASL Signbank. New Haven, CT: Haskins Lab, Yale University. https://aslsignbank.haskins.yale.edu/","Information from the ASL SignBank. Julie A. Hochgesang, Onno Crasborn, and Diane Lillo-Martin. (2017-2019) ASL Signbank. New Haven, CT: Haskins Lab, Yale University. https://aslsignbank.haskins.yale.edu/",SignBankSemanticField
SignBankReferenceID,SignBank Reference ID,SignBank,"Information from the ASL SignBank. Julie A. Hochgesang, Onno Crasborn, and Diane Lillo-Martin. (2017-2019) ASL Signbank. New Haven, CT: Haskins Lab, Yale University. https://aslsignbank.haskins.yale.edu/","Information from the ASL SignBank. Julie A. Hochgesang, Onno Crasborn, and Diane Lillo-Martin. (2017-2019) ASL Signbank. New Haven, CT: Haskins Lab, Yale University. https://aslsignbank.haskins.yale.edu/",SignBankReferenceID
InCDI,In CDI,Acquisition,"When the sign is acquired (see Caselli, Lieberman, & Pyers, 2020 for more information)",Item appears in MacArthur CDI for ASL ,InCDI
CDISemanticCategory,CDI Semantic Category,Acquisition,"When the sign is acquired (see Caselli, Lieberman, & Pyers, 2020 for more information)",Semantic category in MacArthur CDI for ASL,CDI Semantic Category
bglm_aoa,Age Of Acquisition,Acquisition Information,"When the sign is acquired (see Caselli, Lieberman, & Pyers, 2020 for more information)",The age (in months) at which a sign is expected to be acquired as predicted using a Bayesian Generalized Linear Model,bglm_aoa
empirical_aoa,Age Of Acquisition (Empirical),Acquisition Information,"When the sign is acquired (see Caselli, Lieberman, & Pyers, 2020 for more information)",The age (in months) at which a sign is expected to be acquired estimated by identifying the minimum age (rounded to whole months) at which all children in an age group can produce the sign),empirical_aoa